[{"id":1, "topick_id":1, "content":"\u0418\u043c\u0430\u043c\u0435 \u0433\u043e\u043b\u044f\u043c \u043f\u0440\u043e\u0431\u043b\u0435\u043c \u043a\u043e\u043b\u0435\u0433\u0438", "author":"\u041c\u0438\u0445\u0430\u0438\u043b \u041f\u0435\u0442\u0440\u043e\u0432", "mood_id":5, "upload_img":"", "upload_img_extention":""},
 {"id":2, "topick_id":1, "content":"\u041a\u0430\u043a\u044a\u0432 \u0435 \u0442\u043e\u0447\u043d\u043e \u043f\u0440\u043e\u0431\u043b\u0435\u043c\u0430", "author":"\u0422\u043e\u0434\u043e\u0440", "mood_id":5, "upload_img":"", "upload_img_extention":""},
 {"id":3, "topick_id":1, "content":"\u0411\u044f\u0445 \u0432 \u0441\u044a\u0440\u0432\u044a\u0440\u043d\u043e\u0442\u043e \u0438 \u043d\u0435\u0449\u043e \u043a\u0441\u0435 \u0440\u0430\u0437\u043c\u0438\u0440\u0438\u0441\u0430", "author":"\u041c\u0438\u0448\u043e", "mood_id":5, "upload_img":"", "upload_img_extention":""},
 {"id":4, "topick_id":1, "content":"\u0414\u043e\u043f\u044a\u043b\u043d\u0438\u0442\u0435\u043b\u0435\u043d \u043a\u043e\u043c\u0435\u043d\u0442\u0430\u0440 1", "author":"\u045d\u045d", "mood_id":5, "upload_img":"", "upload_img_extention":""},
 {"id":5, "topick_id":1, "content":"\u0414\u043e\u043f\u044a\u043b\u043d\u0438\u0442\u0435\u043b\u0435\u043d \u043a\u043e\u043c\u0435\u043d\u0442\u0430\u0440 2", "author":"\u044f\u0430\u044f\u0430", "mood_id":5, "upload_img":"", "upload_img_extention":""},
 {"id":6, "topick_id":1, "content":"\u0414\u043e\u043f\u044a\u043b\u043d\u0438\u0442\u0435\u043b\u0435\u043d \u043a\u043e\u043c\u0435\u043d\u0442\u0430\u0440 3", "author":"\u044f\u0430\u044f\u0430\u044f\u0430", "mood_id":5, "upload_img":"", "upload_img_extention":""},
 {"id":7, "topick_id":1, "content":"\u0414\u043e\u043f\u044a\u043b\u043d\u0438\u0442\u0435\u043b\u0435\u043d \u043a\u043e\u043c\u0435\u043d\u0442\u0430\u0440 4", "author":"\u044f\u0430\u043e\u044f\u0430\u043e\u044f\u0430\u043e", "mood_id":5, "upload_img":"", "upload_img_extention":""},
 {"id":8, "topick_id":1, "content":"\u0414\u043e\u043f\u044a\u043b\u043d\u0438\u0442\u0435\u043b\u0435\u043d \u043a\u043e\u043c\u0435\u043d\u0442\u0430\u0440 5", "author":"\u043e\u044f\u0430\u043e\u044f\u0430\u043e\u044f", "mood_id":5, "upload_img":"", "upload_img_extention":""},
 {"id":9, "topick_id":1, "content":"\u0422\u043e\u0432\u0430 \u0435 \u043a\u043e\u043c\u0435\u043d\u0442\u0430\u0440 \u043a\u043e\u0439\u0442\u043e \u0432\u044a\u0432\u0435\u0436\u0434\u0430\u043c\u0435 \u0441 Ajax", "author":"\u0422\u043e\u0448\u043a\u043e", "mood_id":5, "upload_img":"", "upload_img_extention":""},
 {"id":10, "topick_id":1, "content":"\u044c\u044f\u0430\u044c\u044f\u0430\u044c\u044f\u0430\u044f\u044c\u0430", "author":"\u044f\u044c\u0430\u044c\u044f\u0430", "mood_id":5, "upload_img":"", "upload_img_extention":""},
 {"id":11, "topick_id":1, "content":"sdsdsd", "author":"sdsdsd", "mood_id":5, "upload_img":"", "upload_img_extention":""},
 {"id":12, "topick_id":1, "content":"", "author":"", "mood_id":5, "upload_img":"", "upload_img_extention":""},
 {"id":13, "topick_id":1, "content":"", "author":"", "mood_id":5, "upload_img":"", "upload_img_extention":""},
 {"id":14, "topick_id":1, "content":"sdsdsds", "author":"dsdsdsdsd", "mood_id":5, "upload_img":"", "upload_img_extention":""},
 {"id":15, "topick_id":1, "content":"", "author":"", "mood_id":5, "upload_img":"", "upload_img_extention":""},
 {"id":16, "topick_id":1, "content":"sdsd", "author":"sdsd", "mood_id":5, "upload_img":"", "upload_img_extention":""},
 {"id":17, "topick_id":1, "content":"sdsd", "author":"sdsd", "mood_id":5, "upload_img":"", "upload_img_extention":""},
 {"id":18, "topick_id":1, "content":"sdsd", "author":"sdsd", "mood_id":5, "upload_img":"", "upload_img_extention":""},
 {"id":19, "topick_id":1, "content":"", "author":"", "mood_id":5, "upload_img":"", "upload_img_extention":""},
 {"id":20, "topick_id":1, "content":"sdsd", "author":"sdsd", "mood_id":5, "upload_img":"", "upload_img_extention":""},
 {"id":21, "topick_id":1, "content":"sdsd", "author":"", "mood_id":5, "upload_img":"", "upload_img_extention":""},
 {"id":22, "topick_id":1, "content":"sdsd", "author":"sdsdsd", "mood_id":5, "upload_img":"", "upload_img_extention":""},
 {"id":23, "topick_id":1, "content":"Test new post", "author":"Mihail", "mood_id":5, "upload_img":"", "upload_img_extention":""},
 {"id":24, "topick_id":1, "content":"asdasdasd", "author":"asdasdasdasdasd", "mood_id":5, "upload_img":"", "upload_img_extention":""},
 {"id":25, "topick_id":1, "content":"sdsdsdsds", "author":"sdsdsddsds", "mood_id":5, "upload_img":"", "upload_img_extention":""},
 {"id":26, "topick_id":1, "content":"Test new comment", "author":"Mi6o", "mood_id":5, "upload_img":"", "upload_img_extention":""},
 {"id":27, "topick_id":1, "content":"\u0417\u0434\u0440\u0430\u0432\u0435\u0439\u0442\u0435 \u043c\u0430\u043b\u043a\u0438 \u043a\u043e\u0442\u043a\u0438", "author":"\u041c\u0438\u0445\u0430\u0438\u043b \u041f\u0435\u0442\u0440\u043e\u0432", "mood_id":5, "upload_img":"", "upload_img_extention":""},
 {"id":28, "topick_id":1, "content":"sdsdsds", "author":"asdasdasd", "mood_id":5, "upload_img":"", "upload_img_extention":""},
 {"id":29, "topick_id":1, "content":"\u041f\u0440\u0438\u043c\u0435\u0440\u0435\u043d \u043a\u043e\u043c\u0435\u043d\u0442\u0430\u0440", "author":"\u041c\u0438\u0448\u043e", "mood_id":2, "upload_img":"", "upload_img_extention":""},
 {"id":30, "topick_id":1, "content":"\u0422\u044a\u0436\u0435\u043d \u043a\u043e\u043c\u0435\u043d\u0442\u0430\u0440", "author":"\u0422\u044a\u0436\u043d\u044c\u043e", "mood_id":1, "upload_img":"", "upload_img_extention":""},
 {"id":31, "topick_id":1, "content":"\u0412\u0435\u0441\u0435\u043b \u043a\u043e\u043c\u0435\u043d\u0442\u0430\u0440", "author":"\u0412\u0435\u0441\u0435\u043b\u0443\u0448\u043a\u043e", "mood_id":3, "upload_img":"", "upload_img_extention":""},
 {"id":32, "topick_id":1, "content":"sdsdsd", "author":"sdsd", "mood_id":2, "upload_img":"", "upload_img_extention":""}]